Flowrate Label,Expected Flow (mL/min),Measured Flow (mL/min),Flowrate Error (%),Avg Drop Volume (µL)
0.1 mL/min,0.1,0.04656191520535612,53.43808479464388,23.88888888888889
0.5 mL/min,0.5,0.31678993285246787,36.64201342950643,
1 mL/min,1.0,0.5711162857566561,42.888371424334395,
2 mL/min,2.0,0.968643249263463,51.56783753682686,
3 mL/min,3.0,1.2003396152970744,59.98867949009752,
4 mL/min,4.0,1.2498402332999667,68.75399416750084,
5 mL/min,5.0,1.3952949091036948,72.0941018179261,
